,# threads,av. # a per q,av. # w per q,av. # w per t,% dups,av. # d per q
android,23697.0,1.2862809638350845,103.73654893024434,294.5904966873444,6.663290711904461,0.07228763134573997
gis,38522.0,1.3197912880951146,151.8259695758268,370.68262291677485,2.852915217278438,0.02897045843933337
physics,39355.0,1.6155253462075976,140.4939143692034,549.0662177614026,4.494981577944353,0.050006352432981835
stats,42921.0,1.1126255213065865,165.84427203466834,435.2355024347056,2.073577036881713,0.02134153444700729
